start_id,x0,y0
0,-0.7953125000000001,1.2093749999999999
1,-0.7859375000000001,1.2093749999999999
2,-0.7765625,1.2093749999999999
3,-0.7671875,1.2093749999999999
4,-0.7578125,1.2093749999999999
5,-0.7484375000000001,1.2093749999999999
6,-0.7390625000000001,1.2093749999999999
7,-0.7296875,1.2093749999999999
8,-0.7203125,1.2093749999999999
9,-0.7109375,1.2093749999999999
10,-0.7015625000000001,1.2093749999999999
11,-0.6921875000000001,1.2093749999999999
12,-0.6828125,1.2093749999999999
13,-0.6734375,1.2093749999999999
14,-0.6640625,1.2093749999999999
15,-0.6546875000000001,1.2093749999999999
16,-0.6453125000000001,1.2093749999999999
17,-0.6359375,1.2093749999999999
18,-0.6265625,1.2093749999999999
19,-0.6171875,1.2093749999999999
20,-0.6078125000000001,1.2093749999999999
21,-0.5984375000000001,1.2093749999999999
22,-0.5890625,1.2093749999999999
23,-0.5796875,1.2093749999999999
24,-0.5703125,1.2093749999999999
25,-0.5609375000000001,1.2093749999999999
26,-0.5515625000000001,1.2093749999999999
27,-0.5421875,1.2093749999999999
28,-0.5328125000000001,1.2093749999999999
29,-0.5234375,1.2093749999999999
30,-0.5140625000000001,1.2093749999999999
31,-0.5046875000000001,1.2093749999999999
32,-0.7953125000000001,1.228125
33,-0.7859375000000001,1.228125
34,-0.7765625,1.228125
35,-0.7671875,1.228125
36,-0.7578125,1.228125
37,-0.7484375000000001,1.228125
38,-0.7390625000000001,1.228125
39,-0.7296875,1.228125
40,-0.7203125,1.228125
41,-0.7109375,1.228125
42,-0.7015625000000001,1.228125
43,-0.6921875000000001,1.228125
44,-0.6828125,1.228125
45,-0.6734375,1.228125
46,-0.6640625,1.228125
47,-0.6546875000000001,1.228125
48,-0.6453125000000001,1.228125
49,-0.6359375,1.228125
50,-0.6265625,1.228125
51,-0.6171875,1.228125
52,-0.6078125000000001,1.228125
53,-0.5984375000000001,1.228125
54,-0.5890625,1.228125
55,-0.5796875,1.228125
56,-0.5703125,1.228125
57,-0.5609375000000001,1.228125
58,-0.5515625000000001,1.228125
59,-0.5421875,1.228125
60,-0.5328125000000001,1.228125
61,-0.5234375,1.228125
62,-0.5140625000000001,1.228125
63,-0.5046875000000001,1.228125
64,-0.7953125000000001,1.246875
65,-0.7859375000000001,1.246875
66,-0.7765625,1.246875
67,-0.7671875,1.246875
68,-0.7578125,1.246875
69,-0.7484375000000001,1.246875
70,-0.7390625000000001,1.246875
71,-0.7296875,1.246875
72,-0.7203125,1.246875
73,-0.7109375,1.246875
74,-0.7015625000000001,1.246875
75,-0.6921875000000001,1.246875
76,-0.6828125,1.246875
77,-0.6734375,1.246875
78,-0.6640625,1.246875
79,-0.6546875000000001,1.246875
80,-0.6453125000000001,1.246875
81,-0.6359375,1.246875
82,-0.6265625,1.246875
83,-0.6171875,1.246875
84,-0.6078125000000001,1.246875
85,-0.5984375000000001,1.246875
86,-0.5890625,1.246875
87,-0.5796875,1.246875
88,-0.5703125,1.246875
89,-0.5609375000000001,1.246875
90,-0.5515625000000001,1.246875
91,-0.5421875,1.246875
92,-0.5328125000000001,1.246875
93,-0.5234375,1.246875
94,-0.5140625000000001,1.246875
95,-0.5046875000000001,1.246875
96,-0.7953125000000001,1.265625
97,-0.7859375000000001,1.265625
98,-0.7765625,1.265625
99,-0.7671875,1.265625
100,-0.7578125,1.265625
101,-0.7484375000000001,1.265625
102,-0.7390625000000001,1.265625
103,-0.7296875,1.265625
104,-0.7203125,1.265625
105,-0.7109375,1.265625
106,-0.7015625000000001,1.265625
107,-0.6921875000000001,1.265625
108,-0.6828125,1.265625
109,-0.6734375,1.265625
110,-0.6640625,1.265625
111,-0.6546875000000001,1.265625
112,-0.6453125000000001,1.265625
113,-0.6359375,1.265625
114,-0.6265625,1.265625
115,-0.6171875,1.265625
116,-0.6078125000000001,1.265625
117,-0.5984375000000001,1.265625
118,-0.5890625,1.265625
119,-0.5796875,1.265625
120,-0.5703125,1.265625
121,-0.5609375000000001,1.265625
122,-0.5515625000000001,1.265625
123,-0.5421875,1.265625
124,-0.5328125000000001,1.265625
125,-0.5234375,1.265625
126,-0.5140625000000001,1.265625
127,-0.5046875000000001,1.265625
128,-0.7953125000000001,1.284375
129,-0.7859375000000001,1.284375
130,-0.7765625,1.284375
131,-0.7671875,1.284375
132,-0.7578125,1.284375
133,-0.7484375000000001,1.284375
134,-0.7390625000000001,1.284375
135,-0.7296875,1.284375
136,-0.7203125,1.284375
137,-0.7109375,1.284375
138,-0.7015625000000001,1.284375
139,-0.6921875000000001,1.284375
140,-0.6828125,1.284375
141,-0.6734375,1.284375
142,-0.6640625,1.284375
143,-0.6546875000000001,1.284375
144,-0.6453125000000001,1.284375
145,-0.6359375,1.284375
146,-0.6265625,1.284375
147,-0.6171875,1.284375
148,-0.6078125000000001,1.284375
149,-0.5984375000000001,1.284375
150,-0.5890625,1.284375
151,-0.5796875,1.284375
152,-0.5703125,1.284375
153,-0.5609375000000001,1.284375
154,-0.5515625000000001,1.284375
155,-0.5421875,1.284375
156,-0.5328125000000001,1.284375
157,-0.5234375,1.284375
158,-0.5140625000000001,1.284375
159,-0.5046875000000001,1.284375
160,-0.7953125000000001,1.3031249999999999
161,-0.7859375000000001,1.3031249999999999
162,-0.7765625,1.3031249999999999
163,-0.7671875,1.3031249999999999
164,-0.7578125,1.3031249999999999
165,-0.7484375000000001,1.3031249999999999
166,-0.7390625000000001,1.3031249999999999
167,-0.7296875,1.3031249999999999
168,-0.7203125,1.3031249999999999
169,-0.7109375,1.3031249999999999
170,-0.7015625000000001,1.3031249999999999
171,-0.6921875000000001,1.3031249999999999
172,-0.6828125,1.3031249999999999
173,-0.6734375,1.3031249999999999
174,-0.6640625,1.3031249999999999
175,-0.6546875000000001,1.3031249999999999
176,-0.6453125000000001,1.3031249999999999
177,-0.6359375,1.3031249999999999
178,-0.6265625,1.3031249999999999
179,-0.6171875,1.3031249999999999
180,-0.6078125000000001,1.3031249999999999
181,-0.5984375000000001,1.3031249999999999
182,-0.5890625,1.3031249999999999
183,-0.5796875,1.3031249999999999
184,-0.5703125,1.3031249999999999
185,-0.5609375000000001,1.3031249999999999
186,-0.5515625000000001,1.3031249999999999
187,-0.5421875,1.3031249999999999
188,-0.5328125000000001,1.3031249999999999
189,-0.5234375,1.3031249999999999
190,-0.5140625000000001,1.3031249999999999
191,-0.5046875000000001,1.3031249999999999
192,-0.7953125000000001,1.321875
193,-0.7859375000000001,1.321875
194,-0.7765625,1.321875
195,-0.7671875,1.321875
196,-0.7578125,1.321875
197,-0.7484375000000001,1.321875
198,-0.7390625000000001,1.321875
199,-0.7296875,1.321875
200,-0.7203125,1.321875
201,-0.7109375,1.321875
202,-0.7015625000000001,1.321875
203,-0.6921875000000001,1.321875
204,-0.6828125,1.321875
205,-0.6734375,1.321875
206,-0.6640625,1.321875
207,-0.6546875000000001,1.321875
208,-0.6453125000000001,1.321875
209,-0.6359375,1.321875
210,-0.6265625,1.321875
211,-0.6171875,1.321875
212,-0.6078125000000001,1.321875
213,-0.5984375000000001,1.321875
214,-0.5890625,1.321875
215,-0.5796875,1.321875
216,-0.5703125,1.321875
217,-0.5609375000000001,1.321875
218,-0.5515625000000001,1.321875
219,-0.5421875,1.321875
220,-0.5328125000000001,1.321875
221,-0.5234375,1.321875
222,-0.5140625000000001,1.321875
223,-0.5046875000000001,1.321875
224,-0.7953125000000001,1.340625
225,-0.7859375000000001,1.340625
226,-0.7765625,1.340625
227,-0.7671875,1.340625
228,-0.7578125,1.340625
229,-0.7484375000000001,1.340625
230,-0.7390625000000001,1.340625
231,-0.7296875,1.340625
232,-0.7203125,1.340625
233,-0.7109375,1.340625
234,-0.7015625000000001,1.340625
235,-0.6921875000000001,1.340625
236,-0.6828125,1.340625
237,-0.6734375,1.340625
238,-0.6640625,1.340625
239,-0.6546875000000001,1.340625
240,-0.6453125000000001,1.340625
241,-0.6359375,1.340625
242,-0.6265625,1.340625
243,-0.6171875,1.340625
244,-0.6078125000000001,1.340625
245,-0.5984375000000001,1.340625
246,-0.5890625,1.340625
247,-0.5796875,1.340625
248,-0.5703125,1.340625
249,-0.5609375000000001,1.340625
250,-0.5515625000000001,1.340625
251,-0.5421875,1.340625
252,-0.5328125000000001,1.340625
253,-0.5234375,1.340625
254,-0.5140625000000001,1.340625
255,-0.5046875000000001,1.340625
256,-0.7953125000000001,1.359375
257,-0.7859375000000001,1.359375
258,-0.7765625,1.359375
259,-0.7671875,1.359375
260,-0.7578125,1.359375
261,-0.7484375000000001,1.359375
262,-0.7390625000000001,1.359375
263,-0.7296875,1.359375
264,-0.7203125,1.359375
265,-0.7109375,1.359375
266,-0.7015625000000001,1.359375
267,-0.6921875000000001,1.359375
268,-0.6828125,1.359375
269,-0.6734375,1.359375
270,-0.6640625,1.359375
271,-0.6546875000000001,1.359375
272,-0.6453125000000001,1.359375
273,-0.6359375,1.359375
274,-0.6265625,1.359375
275,-0.6171875,1.359375
276,-0.6078125000000001,1.359375
277,-0.5984375000000001,1.359375
278,-0.5890625,1.359375
279,-0.5796875,1.359375
280,-0.5703125,1.359375
281,-0.5609375000000001,1.359375
282,-0.5515625000000001,1.359375
283,-0.5421875,1.359375
284,-0.5328125000000001,1.359375
285,-0.5234375,1.359375
286,-0.5140625000000001,1.359375
287,-0.5046875000000001,1.359375
288,-0.7953125000000001,1.378125
289,-0.7859375000000001,1.378125
290,-0.7765625,1.378125
291,-0.7671875,1.378125
292,-0.7578125,1.378125
293,-0.7484375000000001,1.378125
294,-0.7390625000000001,1.378125
295,-0.7296875,1.378125
296,-0.7203125,1.378125
297,-0.7109375,1.378125
298,-0.7015625000000001,1.378125
299,-0.6921875000000001,1.378125
300,-0.6828125,1.378125
301,-0.6734375,1.378125
302,-0.6640625,1.378125
303,-0.6546875000000001,1.378125
304,-0.6453125000000001,1.378125
305,-0.6359375,1.378125
306,-0.6265625,1.378125
307,-0.6171875,1.378125
308,-0.6078125000000001,1.378125
309,-0.5984375000000001,1.378125
310,-0.5890625,1.378125
311,-0.5796875,1.378125
312,-0.5703125,1.378125
313,-0.5609375000000001,1.378125
314,-0.5515625000000001,1.378125
315,-0.5421875,1.378125
316,-0.5328125000000001,1.378125
317,-0.5234375,1.378125
318,-0.5140625000000001,1.378125
319,-0.5046875000000001,1.378125
320,-0.7953125000000001,1.3968749999999999
321,-0.7859375000000001,1.3968749999999999
322,-0.7765625,1.3968749999999999
323,-0.7671875,1.3968749999999999
324,-0.7578125,1.3968749999999999
325,-0.7484375000000001,1.3968749999999999
326,-0.7390625000000001,1.3968749999999999
327,-0.7296875,1.3968749999999999
328,-0.7203125,1.3968749999999999
329,-0.7109375,1.3968749999999999
330,-0.7015625000000001,1.3968749999999999
331,-0.6921875000000001,1.3968749999999999
332,-0.6828125,1.3968749999999999
333,-0.6734375,1.3968749999999999
334,-0.6640625,1.3968749999999999
335,-0.6546875000000001,1.3968749999999999
336,-0.6453125000000001,1.3968749999999999
337,-0.6359375,1.3968749999999999
338,-0.6265625,1.3968749999999999
339,-0.6171875,1.3968749999999999
340,-0.6078125000000001,1.3968749999999999
341,-0.5984375000000001,1.3968749999999999
342,-0.5890625,1.3968749999999999
343,-0.5796875,1.3968749999999999
344,-0.5703125,1.3968749999999999
345,-0.5609375000000001,1.3968749999999999
346,-0.5515625000000001,1.3968749999999999
347,-0.5421875,1.3968749999999999
348,-0.5328125000000001,1.3968749999999999
349,-0.5234375,1.3968749999999999
350,-0.5140625000000001,1.3968749999999999
351,-0.5046875000000001,1.3968749999999999
352,-0.7953125000000001,1.415625
353,-0.7859375000000001,1.415625
354,-0.7765625,1.415625
355,-0.7671875,1.415625
356,-0.7578125,1.415625
357,-0.7484375000000001,1.415625
358,-0.7390625000000001,1.415625
359,-0.7296875,1.415625
360,-0.7203125,1.415625
361,-0.7109375,1.415625
362,-0.7015625000000001,1.415625
363,-0.6921875000000001,1.415625
364,-0.6828125,1.415625
365,-0.6734375,1.415625
366,-0.6640625,1.415625
367,-0.6546875000000001,1.415625
368,-0.6453125000000001,1.415625
369,-0.6359375,1.415625
370,-0.6265625,1.415625
371,-0.6171875,1.415625
372,-0.6078125000000001,1.415625
373,-0.5984375000000001,1.415625
374,-0.5890625,1.415625
375,-0.5796875,1.415625
376,-0.5703125,1.415625
377,-0.5609375000000001,1.415625
378,-0.5515625000000001,1.415625
379,-0.5421875,1.415625
380,-0.5328125000000001,1.415625
381,-0.5234375,1.415625
382,-0.5140625000000001,1.415625
383,-0.5046875000000001,1.415625
384,-0.7953125000000001,1.434375
385,-0.7859375000000001,1.434375
386,-0.7765625,1.434375
387,-0.7671875,1.434375
388,-0.7578125,1.434375
389,-0.7484375000000001,1.434375
390,-0.7390625000000001,1.434375
391,-0.7296875,1.434375
392,-0.7203125,1.434375
393,-0.7109375,1.434375
394,-0.7015625000000001,1.434375
395,-0.6921875000000001,1.434375
396,-0.6828125,1.434375
397,-0.6734375,1.434375
398,-0.6640625,1.434375
399,-0.6546875000000001,1.434375
400,-0.6453125000000001,1.434375
401,-0.6359375,1.434375
402,-0.6265625,1.434375
403,-0.6171875,1.434375
404,-0.6078125000000001,1.434375
405,-0.5984375000000001,1.434375
406,-0.5890625,1.434375
407,-0.5796875,1.434375
408,-0.5703125,1.434375
409,-0.5609375000000001,1.434375
410,-0.5515625000000001,1.434375
411,-0.5421875,1.434375
412,-0.5328125000000001,1.434375
413,-0.5234375,1.434375
414,-0.5140625000000001,1.434375
415,-0.5046875000000001,1.434375
416,-0.7953125000000001,1.453125
417,-0.7859375000000001,1.453125
418,-0.7765625,1.453125
419,-0.7671875,1.453125
420,-0.7578125,1.453125
421,-0.7484375000000001,1.453125
422,-0.7390625000000001,1.453125
423,-0.7296875,1.453125
424,-0.7203125,1.453125
425,-0.7109375,1.453125
426,-0.7015625000000001,1.453125
427,-0.6921875000000001,1.453125
428,-0.6828125,1.453125
429,-0.6734375,1.453125
430,-0.6640625,1.453125
431,-0.6546875000000001,1.453125
432,-0.6453125000000001,1.453125
433,-0.6359375,1.453125
434,-0.6265625,1.453125
435,-0.6171875,1.453125
436,-0.6078125000000001,1.453125
437,-0.5984375000000001,1.453125
438,-0.5890625,1.453125
439,-0.5796875,1.453125
440,-0.5703125,1.453125
441,-0.5609375000000001,1.453125
442,-0.5515625000000001,1.453125
443,-0.5421875,1.453125
444,-0.5328125000000001,1.453125
445,-0.5234375,1.453125
446,-0.5140625000000001,1.453125
447,-0.5046875000000001,1.453125
448,-0.7953125000000001,1.4718749999999998
449,-0.7859375000000001,1.4718749999999998
450,-0.7765625,1.4718749999999998
451,-0.7671875,1.4718749999999998
452,-0.7578125,1.4718749999999998
453,-0.7484375000000001,1.4718749999999998
454,-0.7390625000000001,1.4718749999999998
455,-0.7296875,1.4718749999999998
456,-0.7203125,1.4718749999999998
457,-0.7109375,1.4718749999999998
458,-0.7015625000000001,1.4718749999999998
459,-0.6921875000000001,1.4718749999999998
460,-0.6828125,1.4718749999999998
461,-0.6734375,1.4718749999999998
462,-0.6640625,1.4718749999999998
463,-0.6546875000000001,1.4718749999999998
464,-0.6453125000000001,1.4718749999999998
465,-0.6359375,1.4718749999999998
466,-0.6265625,1.4718749999999998
467,-0.6171875,1.4718749999999998
468,-0.6078125000000001,1.4718749999999998
469,-0.5984375000000001,1.4718749999999998
470,-0.5890625,1.4718749999999998
471,-0.5796875,1.4718749999999998
472,-0.5703125,1.4718749999999998
473,-0.5609375000000001,1.4718749999999998
474,-0.5515625000000001,1.4718749999999998
475,-0.5421875,1.4718749999999998
476,-0.5328125000000001,1.4718749999999998
477,-0.5234375,1.4718749999999998
478,-0.5140625000000001,1.4718749999999998
479,-0.5046875000000001,1.4718749999999998
480,-0.7953125000000001,1.4906249999999999
481,-0.7859375000000001,1.4906249999999999
482,-0.7765625,1.4906249999999999
483,-0.7671875,1.4906249999999999
484,-0.7578125,1.4906249999999999
485,-0.7484375000000001,1.4906249999999999
486,-0.7390625000000001,1.4906249999999999
487,-0.7296875,1.4906249999999999
488,-0.7203125,1.4906249999999999
489,-0.7109375,1.4906249999999999
490,-0.7015625000000001,1.4906249999999999
491,-0.6921875000000001,1.4906249999999999
492,-0.6828125,1.4906249999999999
493,-0.6734375,1.4906249999999999
494,-0.6640625,1.4906249999999999
495,-0.6546875000000001,1.4906249999999999
496,-0.6453125000000001,1.4906249999999999
497,-0.6359375,1.4906249999999999
498,-0.6265625,1.4906249999999999
499,-0.6171875,1.4906249999999999
500,-0.6078125000000001,1.4906249999999999
501,-0.5984375000000001,1.4906249999999999
502,-0.5890625,1.4906249999999999
503,-0.5796875,1.4906249999999999
504,-0.5703125,1.4906249999999999
505,-0.5609375000000001,1.4906249999999999
506,-0.5515625000000001,1.4906249999999999
507,-0.5421875,1.4906249999999999
508,-0.5328125000000001,1.4906249999999999
509,-0.5234375,1.4906249999999999
510,-0.5140625000000001,1.4906249999999999
511,-0.5046875000000001,1.4906249999999999
