r,method,eta,S,total_seeds,runs,complete,T_dev,seed_median_seconds,failure_statuses
0.5,HiSD,1e-05,2,2,6,True,55.78251305627345,"{""101"": 53.09239137498662, ""102"": 58.608939666999504}",[]
0.5,pHiSD,0.475,2,2,6,True,0.023368514713706972,"{""101"": 0.023332833996391855, ""102"": 0.023404249994200654}",[]
0.75,HiSD,1.5000000000000002e-05,2,2,6,True,37.26762101341717,"{""101"": 35.50115283300693, ""102"": 39.12198520799575}",[]
0.75,pHiSD,0.7124999999999999,2,2,6,True,0.016782255526462522,"{""101"": 0.016747542002121918, ""102"": 0.016817041003378108}",[]
1.0,HiSD,2e-05,2,2,6,True,27.748270432467738,"{""101"": 26.45568333400297, ""102"": 29.10401150000689}",[]
1.0,pHiSD,0.95,2,2,6,True,0.013683701101397907,"{""101"": 0.013647167012095451, ""102"": 0.013720332994125783}",[]
1.25,HiSD,2.5e-05,0,2,6,True,,"{""101"": 300.0026459579967, ""102"": 300.0024824580032}","[""BUDGET_TIME""]"
1.25,pHiSD,1.1875,2,2,6,True,0.026424181156373273,"{""101"": 0.026115957996807992, ""102"": 0.026736041996628046}",[]
1.5,HiSD,3.0000000000000004e-05,0,2,6,True,,"{""101"": 300.0026524170098, ""102"": 300.0027589579986}","[""BUDGET_TIME""]"
1.5,pHiSD,1.4249999999999998,0,2,6,True,,"{""101"": 300.00283591699554, ""102"": 300.00296425000124}","[""BUDGET_TIME""]"
