method,label,status,converged,iterations,final_residual,final_index,quantity,repetition_1,repetition_2,repetition_3,median,min,max
standard_hisd,HiSD,converged,True,33939,9.99716925998432e-07,1,T_total,78.9604713730223,80.13147820797167,81.32218203999219,80.13147820797167,78.9604713730223,81.32218203999219
standard_hisd,HiSD,converged,True,33939,9.99716925998432e-07,1,T_setup_update,0,0,0,0,0,0
standard_hisd,HiSD,converged,True,33939,9.99716925998432e-07,1,T_apply_solve,0,0,0,0,0,0
standard_hisd,HiSD,converged,True,33939,9.99716925998432e-07,1,T_eig,68.42355635904823,69.43927638378227,70.47120861741132,69.43927638378227,68.42355635904823,70.47120861741132
standard_hisd,HiSD,converged,True,33939,9.99716925998432e-07,1,T_cert,0.11229387499042787,0.1048219169897493,0.10571537501527928,0.10571537501527928,0.1048219169897493,0.11229387499042787
standard_hisd,HiSD,converged,True,33939,9.99716925998432e-07,1,T_shared_initial,0.10702166601549834,0.1102429999737069,0.10496283299289644,0.10702166601549834,0.10496283299289644,0.1102429999737069
standard_hisd,HiSD,converged,True,33939,9.99716925998432e-07,1,T_H0_build,0.10381991698523052,0.10717033297987655,0.10170349999680184,0.10381991698523052,0.10170349999680184,0.10717033297987655
standard_hisd,HiSD,converged,True,33939,9.99716925998432e-07,1,T_shared_spectrum,0.0031529589905403554,0.002999834017828107,0.0032035420008469373,0.0031529589905403554,0.002999834017828107,0.0032035420008469373
standard_hisd,HiSD,converged,True,33939,9.99716925998432e-07,1,T_shared_other,4.879003972746432e-05,7.283297600224614e-05,5.579099524766207e-05,5.579099524766207e-05,4.879003972746432e-05,7.283297600224614e-05
standard_hisd,HiSD,converged,True,33939,9.99716925998432e-07,1,T_method_initial,0.0029966660076752305,0.003013375011505559,0.0030015409865882248,0.0030015409865882248,0.0029966660076752305,0.003013375011505559
standard_hisd,HiSD,converged,True,33939,9.99716925998432e-07,1,T_initial_eig,0.00299483397975564,0.0030085839971434325,0.0029988749884068966,0.0029988749884068966,0.00299483397975564,0.0030085839971434325
standard_hisd,HiSD,converged,True,33939,9.99716925998432e-07,1,T_outer,78.85045304099913,80.01822183298646,81.2142176660127,80.01822183298646,78.85045304099913,81.2142176660127
standard_hisd,HiSD,converged,True,33939,9.99716925998432e-07,1,T_metric_setup,0,0,0,0,0,0
standard_hisd,HiSD,converged,True,33939,9.99716925998432e-07,1,T_metric_apply,0,0,0,0,0,0
standard_hisd,HiSD,converged,True,33939,9.99716925998432e-07,1,T_metric_solve,0,0,0,0,0,0
standard_hisd,HiSD,converged,True,33939,9.99716925998432e-07,1,T_frame,68.31358864909271,69.32609763278742,70.36330270042527,69.32609763278742,68.31358864909271,70.36330270042527
standard_hisd,HiSD,converged,True,33939,9.99716925998432e-07,1,T_cert_Hessian,0.11026679200585932,0.10276129198609851,0.10377012501703575,0.10377012501703575,0.10276129198609851,0.11026679200585932
p_hisd_H1,Laplacian,converged,True,841,9.879639023886598e-07,1,T_total,2.2305068320129067,2.1191421669500414,2.210076039977139,2.210076039977139,2.1191421669500414,2.2305068320129067
p_hisd_H1,Laplacian,converged,True,841,9.879639023886598e-07,1,T_setup_update,7.191699114628136e-05,0.00013966698315925896,7.52909982111305e-05,7.52909982111305e-05,7.191699114628136e-05,0.00013966698315925896
p_hisd_H1,Laplacian,converged,True,841,9.879639023886598e-07,1,T_apply_solve,0.03340763828600757,0.03235568356467411,0.0325003131874837,0.0325003131874837,0.03235568356467411,0.03340763828600757
p_hisd_H1,Laplacian,converged,True,841,9.879639023886598e-07,1,T_eig,1.9513583255175035,1.8514923872135114,1.9301565032219514,1.9301565032219514,1.8514923872135114,1.9513583255175035
p_hisd_H1,Laplacian,converged,True,841,9.879639023886598e-07,1,T_cert,0.10474100001738407,0.1048508330131881,0.1096163339971099,0.1048508330131881,0.10474100001738407,0.1096163339971099
p_hisd_H1,Laplacian,converged,True,841,9.879639023886598e-07,1,T_shared_initial,0.10702166601549834,0.1102429999737069,0.10496283299289644,0.10702166601549834,0.10496283299289644,0.1102429999737069
p_hisd_H1,Laplacian,converged,True,841,9.879639023886598e-07,1,T_H0_build,0.10381991698523052,0.10717033297987655,0.10170349999680184,0.10381991698523052,0.10170349999680184,0.10717033297987655
p_hisd_H1,Laplacian,converged,True,841,9.879639023886598e-07,1,T_shared_spectrum,0.0031529589905403554,0.002999834017828107,0.0032035420008469373,0.0031529589905403554,0.002999834017828107,0.0032035420008469373
p_hisd_H1,Laplacian,converged,True,841,9.879639023886598e-07,1,T_shared_other,4.879003972746432e-05,7.283297600224614e-05,5.579099524766207e-05,5.579099524766207e-05,4.879003972746432e-05,7.283297600224614e-05
p_hisd_H1,Laplacian,converged,True,841,9.879639023886598e-07,1,T_method_initial,0.003467082977294922,0.003677208995213732,0.0034796659892890602,0.0034796659892890602,0.003467082977294922,0.003677208995213732
p_hisd_H1,Laplacian,converged,True,841,9.879639023886598e-07,1,T_initial_eig,0.0033905410091392696,0.003528457978973165,0.0033972090168390423,0.0033972090168390423,0.0033905410091392696,0.003528457978973165
p_hisd_H1,Laplacian,converged,True,841,9.879639023886598e-07,1,T_outer,2.1200180830201134,2.005221957981121,2.1016335409949534,2.1016335409949534,2.005221957981121,2.1200180830201134
p_hisd_H1,Laplacian,converged,True,841,9.879639023886598e-07,1,T_metric_setup,7.191699114628136e-05,0.00013966698315925896,7.52909982111305e-05,7.52909982111305e-05,7.191699114628136e-05,0.00013966698315925896
p_hisd_H1,Laplacian,converged,True,841,9.879639023886598e-07,1,T_metric_apply,0.011715935019310564,0.01129566429881379,0.011400028975913301,0.011400028975913301,0.01129566429881379,0.011715935019310564
p_hisd_H1,Laplacian,converged,True,841,9.879639023886598e-07,1,T_metric_solve,0.021691703266697004,0.02106001926586032,0.021100284211570397,0.021100284211570397,0.02106001926586032,0.021691703266697004
p_hisd_H1,Laplacian,converged,True,841,9.879639023886598e-07,1,T_frame,1.8409949085325934,1.7377937622368336,1.8218522522074636,1.8218522522074636,1.7377937622368336,1.8409949085325934
p_hisd_H1,Laplacian,converged,True,841,9.879639023886598e-07,1,T_cert_Hessian,0.10274300002492964,0.10292649999610148,0.1076992500165943,0.10292649999610148,0.10274300002492964,0.1076992500165943
p_hisd_shifted_cholesky,shifted Cholesky,converged,True,25,6.020542508920599e-07,1,T_total,0.17970633300137706,0.18176987493643537,0.1790352500102017,0.17970633300137706,0.1790352500102017,0.18176987493643537
p_hisd_shifted_cholesky,shifted Cholesky,converged,True,25,6.020542508920599e-07,1,T_setup_update,0.003170583979226649,0.002744708996033296,0.002894582983572036,0.002894582983572036,0.002744708996033296,0.003170583979226649
p_hisd_shifted_cholesky,shifted Cholesky,converged,True,25,6.020542508920599e-07,1,T_apply_solve,0.004599614534527063,0.0048617428401485085,0.004508206126047298,0.004599614534527063,0.004508206126047298,0.0048617428401485085
p_hisd_shifted_cholesky,shifted Cholesky,converged,True,25,6.020542508920599e-07,1,T_eig,0.16724854600033723,0.1697813760547433,0.16663562107714824,0.16724854600033723,0.16663562107714824,0.1697813760547433
p_hisd_shifted_cholesky,shifted Cholesky,converged,True,25,6.020542508920599e-07,1,T_cert,0.10636204198817722,0.10589775000698864,0.1102139170106966,0.10636204198817722,0.10589775000698864,0.1102139170106966
p_hisd_shifted_cholesky,shifted Cholesky,converged,True,25,6.020542508920599e-07,1,T_shared_initial,0.10702166601549834,0.1102429999737069,0.10496283299289644,0.10702166601549834,0.10496283299289644,0.1102429999737069
p_hisd_shifted_cholesky,shifted Cholesky,converged,True,25,6.020542508920599e-07,1,T_H0_build,0.10381991698523052,0.10717033297987655,0.10170349999680184,0.10381991698523052,0.10170349999680184,0.10717033297987655
p_hisd_shifted_cholesky,shifted Cholesky,converged,True,25,6.020542508920599e-07,1,T_shared_spectrum,0.0031529589905403554,0.002999834017828107,0.0032035420008469373,0.0031529589905403554,0.002999834017828107,0.0032035420008469373
p_hisd_shifted_cholesky,shifted Cholesky,converged,True,25,6.020542508920599e-07,1,T_shared_other,4.879003972746432e-05,7.283297600224614e-05,5.579099524766207e-05,5.579099524766207e-05,4.879003972746432e-05,7.283297600224614e-05
p_hisd_shifted_cholesky,shifted Cholesky,converged,True,25,6.020542508920599e-07,1,T_method_initial,0.006653333985013887,0.006247458979487419,0.006188458006363362,0.006247458979487419,0.006188458006363362,0.006653333985013887
p_hisd_shifted_cholesky,shifted Cholesky,converged,True,25,6.020542508920599e-07,1,T_initial_eig,0.0034795420069713145,0.0034991659922525287,0.0032917920034378767,0.0034795420069713145,0.0032917920034378767,0.0034991659922525287
p_hisd_shifted_cholesky,shifted Cholesky,converged,True,25,6.020542508920599e-07,1,T_outer,0.06603133300086483,0.06527941598324105,0.06788395901094191,0.06603133300086483,0.06527941598324105,0.06788395901094191
p_hisd_shifted_cholesky,shifted Cholesky,converged,True,25,6.020542508920599e-07,1,T_metric_setup,0.003170583979226649,0.002744708996033296,0.002894582983572036,0.002894582983572036,0.002744708996033296,0.003170583979226649
p_hisd_shifted_cholesky,shifted Cholesky,converged,True,25,6.020542508920599e-07,1,T_metric_apply,0.0004023708461318165,0.0004152479814365506,0.0003991698904428631,0.0004023708461318165,0.0003991698904428631,0.0004152479814365506
p_hisd_shifted_cholesky,shifted Cholesky,converged,True,25,6.020542508920599e-07,1,T_metric_solve,0.004197243688395247,0.004446494858711958,0.004109036235604435,0.004197243688395247,0.004109036235604435,0.004446494858711958
p_hisd_shifted_cholesky,shifted Cholesky,converged,True,25,6.020542508920599e-07,1,T_frame,0.05679612801759504,0.05611204306478612,0.05843678707606159,0.05679612801759504,0.05611204306478612,0.05843678707606159
p_hisd_shifted_cholesky,shifted Cholesky,converged,True,25,6.020542508920599e-07,1,T_cert_Hessian,0.1044577079883311,0.1039809170179069,0.10830045799957588,0.1044577079883311,0.1039809170179069,0.10830045799957588
p_hisd_frozen_spectral,Spectral,converged,True,37,7.444263607504944e-07,1,T_total,0.21157150002545677,0.21406145798391663,0.21207820798736066,0.21207820798736066,0.21157150002545677,0.21406145798391663
p_hisd_frozen_spectral,Spectral,converged,True,37,7.444263607504944e-07,1,T_setup_update,0.0031020000169519335,0.0026841250073630363,0.002975041017634794,0.002975041017634794,0.0026841250073630363,0.0031020000169519335
p_hisd_frozen_spectral,Spectral,converged,True,37,7.444263607504944e-07,1,T_apply_solve,0.006500705145299435,0.006635836965870112,0.0063976267410907894,0.006500705145299435,0.0063976267410907894,0.006635836965870112
p_hisd_frozen_spectral,Spectral,converged,True,37,7.444263607504944e-07,1,T_eig,0.1947450460284017,0.1976080420135986,0.1949252950726077,0.1949252950726077,0.1947450460284017,0.1976080420135986
p_hisd_frozen_spectral,Spectral,converged,True,37,7.444263607504944e-07,1,T_cert,0.10539229100686498,0.10449695799616165,0.10778408299665898,0.10539229100686498,0.10449695799616165,0.10778408299665898
p_hisd_frozen_spectral,Spectral,converged,True,37,7.444263607504944e-07,1,T_shared_initial,0.10702166601549834,0.1102429999737069,0.10496283299289644,0.10702166601549834,0.10496283299289644,0.1102429999737069
p_hisd_frozen_spectral,Spectral,converged,True,37,7.444263607504944e-07,1,T_H0_build,0.10381991698523052,0.10717033297987655,0.10170349999680184,0.10381991698523052,0.10170349999680184,0.10717033297987655
p_hisd_frozen_spectral,Spectral,converged,True,37,7.444263607504944e-07,1,T_shared_spectrum,0.0031529589905403554,0.002999834017828107,0.0032035420008469373,0.0031529589905403554,0.002999834017828107,0.0032035420008469373
p_hisd_frozen_spectral,Spectral,converged,True,37,7.444263607504944e-07,1,T_shared_other,4.879003972746432e-05,7.283297600224614e-05,5.579099524766207e-05,5.579099524766207e-05,4.879003972746432e-05,7.283297600224614e-05
p_hisd_frozen_spectral,Spectral,converged,True,37,7.444263607504944e-07,1,T_method_initial,0.006822708994150162,0.0059904580120928586,0.006276208005147055,0.006276208005147055,0.0059904580120928586,0.006822708994150162
p_hisd_frozen_spectral,Spectral,converged,True,37,7.444263607504944e-07,1,T_initial_eig,0.0037114580045454204,0.0033037499815691262,0.003299082978628576,0.0033037499815691262,0.003299082978628576,0.0037114580045454204
p_hisd_frozen_spectral,Spectral,converged,True,37,7.444263607504944e-07,1,T_outer,0.09772712501580827,0.09782799999811687,0.10083916698931716,0.09782799999811687,0.09772712501580827,0.10083916698931716
p_hisd_frozen_spectral,Spectral,converged,True,37,7.444263607504944e-07,1,T_metric_setup,0.0031020000169519335,0.0026841250073630363,0.002975041017634794,0.002975041017634794,0.0026841250073630363,0.0031020000169519335
p_hisd_frozen_spectral,Spectral,converged,True,37,7.444263607504944e-07,1,T_metric_apply,0.0005375331675168127,0.0005977140681352466,0.0004975518095307052,0.0005375331675168127,0.0004975518095307052,0.0005977140681352466
p_hisd_frozen_spectral,Spectral,converged,True,37,7.444263607504944e-07,1,T_metric_solve,0.005963171977782622,0.0060381228977348655,0.005900074931560084,0.005963171977782622,0.005900074931560084,0.0060381228977348655
p_hisd_frozen_spectral,Spectral,converged,True,37,7.444263607504944e-07,1,T_frame,0.0840607120480854,0.08413412503432482,0.08671917009633034,0.08413412503432482,0.0840607120480854,0.08671917009633034
p_hisd_frozen_spectral,Spectral,converged,True,37,7.444263607504944e-07,1,T_cert_Hessian,0.10344891701242886,0.10256283398484811,0.10583608399610966,0.10344891701242886,0.10256283398484811,0.10583608399610966
